{"cameraMode":{"drawMode":0,"name":"Shaded","section":"Shading Mode"},"sceneLighting":true,"audioPlay":false,"sceneViewState":{"showFog":false,"showMaterialUpdate":false,"showSkybox":false,"showFlares":false,"showImageEffects":false,"showParticleSystems":false},"in2DMode":false,"pivot":{"x":262.9317321777344,"y":5.244958877563477,"z":83.67449951171875},"rotation":{"x":0.2391483187675476,"y":-0.04950134456157684,"z":0.0121957678347826,"w":0.969643771648407},"size":6.237823486328125,"orthographic":false}