{"cameraMode":{"drawMode":0,"name":"Shaded","section":"Shading Mode"},"sceneLighting":true,"audioPlay":false,"sceneViewState":{"showFog":false,"showMaterialUpdate":false,"showSkybox":false,"showFlares":false,"showImageEffects":false,"showParticleSystems":false},"in2DMode":false,"pivot":{"x":260.96942138671877,"y":6.183703422546387,"z":82.75355529785156},"rotation":{"x":0.2417864352464676,"y":-0.311923623085022,"z":0.08241358399391175,"w":0.9151235222816467},"size":3.6117138862609865,"orthographic":false}