{"cameraMode":{"drawMode":0,"name":"Shaded","section":"Shading Mode"},"sceneLighting":true,"audioPlay":false,"sceneViewState":{"showFog":false,"showMaterialUpdate":false,"showSkybox":false,"showFlares":false,"showImageEffects":false,"showParticleSystems":false},"in2DMode":false,"pivot":{"x":616.2318115234375,"y":255.49258422851563,"z":8.748883247375489},"rotation":{"x":-0.005690988153219223,"y":-0.009003318846225739,"z":-0.00006385037704603747,"w":0.9999433159828186},"size":645.8612670898438,"orthographic":false}