{"cameraMode":{"drawMode":0,"name":"Shaded","section":"Shading Mode"},"sceneLighting":true,"audioPlay":false,"sceneViewState":{"showFog":false,"showMaterialUpdate":false,"showSkybox":false,"showFlares":false,"showImageEffects":false,"showParticleSystems":false},"in2DMode":false,"pivot":{"x":262.8667907714844,"y":4.647385597229004,"z":86.44328308105469},"rotation":{"x":0.2417864352464676,"y":-0.311923623085022,"z":0.08241358399391175,"w":0.9151235222816467},"size":3.411141872406006,"orthographic":true}