{"cameraMode":{"drawMode":0,"name":"Shaded","section":"Shading Mode"},"sceneLighting":false,"audioPlay":false,"sceneViewState":{"showFog":true,"showMaterialUpdate":false,"showSkybox":true,"showFlares":true,"showImageEffects":true,"showParticleSystems":true},"in2DMode":false,"pivot":{"x":-0.00001783110201358795,"y":0.000012636184692382813,"z":-0.004708535969257355},"rotation":{"x":-0.16540561616420747,"y":-0.04032716527581215,"z":0.0067685870453715328,"w":-0.9853775501251221},"size":0.15565921366214753,"orthographic":false}