{"cameraMode":{"drawMode":0,"name":"Shaded","section":"Shading Mode"},"sceneLighting":false,"audioPlay":false,"sceneViewState":{"showFog":true,"showMaterialUpdate":false,"showSkybox":true,"showFlares":true,"showImageEffects":true,"showParticleSystems":true},"in2DMode":false,"pivot":{"x":0.0,"y":-0.010604139417409897,"z":-0.04239480197429657},"rotation":{"x":-0.10040560364723206,"y":0.06769943982362747,"z":-0.006850019562989473,"w":-0.9926170706748962},"size":0.4303886592388153,"orthographic":false}