{"cameraMode":{"drawMode":0,"name":"Shaded","section":"Shading Mode"},"sceneLighting":true,"audioPlay":false,"sceneViewState":{"showFog":true,"showMaterialUpdate":false,"showSkybox":true,"showFlares":true,"showImageEffects":true,"showParticleSystems":true},"in2DMode":false,"pivot":{"x":261.8900146484375,"y":7.072688579559326,"z":81.55999755859375},"rotation":{"x":-0.06775724142789841,"y":0.002592114033177495,"z":-0.00017005301197059453,"w":-0.9976984262466431},"size":7.332137107849121,"orthographic":false}