{"cameraMode":{"drawMode":0,"name":"Shaded","section":"Shading Mode"},"sceneLighting":true,"audioPlay":false,"sceneViewState":{"showFog":true,"showMaterialUpdate":false,"showSkybox":true,"showFlares":true,"showImageEffects":true,"showParticleSystems":true},"in2DMode":false,"pivot":{"x":261.8900146484375,"y":8.029396057128907,"z":81.5176010131836},"rotation":{"x":-0.016499018296599389,"y":0.003295152448117733,"z":-0.0000549701253476087,"w":-0.9998584985733032},"size":0.43036001920700076,"orthographic":false}