{"cameraMode":{"drawMode":0,"name":"Shaded","section":"Shading Mode"},"sceneLighting":true,"audioPlay":false,"sceneViewState":{"showFog":true,"showMaterialUpdate":false,"showSkybox":true,"showFlares":true,"showImageEffects":true,"showParticleSystems":true},"in2DMode":false,"pivot":{"x":261.8900146484375,"y":7.072688579559326,"z":81.55999755859375},"rotation":{"x":-0.17878104746341706,"y":0.025674106553196908,"z":-0.004666952416300774,"w":-0.983542799949646},"size":3.785621404647827,"orthographic":false}