{"cameraMode":{"drawMode":0,"name":"Shaded","section":"Shading Mode"},"sceneLighting":true,"audioPlay":false,"sceneViewState":{"showFog":true,"showMaterialUpdate":false,"showSkybox":true,"showFlares":true,"showImageEffects":true,"showParticleSystems":true},"in2DMode":false,"pivot":{"x":261.88470458984377,"y":3.9961345195770265,"z":85.9709243774414},"rotation":{"x":-0.05577877536416054,"y":0.008084223605692387,"z":-0.00045151845552027225,"w":-0.9984104037284851},"size":4.692159175872803,"orthographic":false}